scientific_name,common_name,acronym,taxonomy_id,enabled
Bacteroides uniformis,Bacteroides,BU,820,true
Phocaeicola vulgatus,Bacteroides vulgatus,PV,435590,true
Eggerthella lenta,Eggerthella,EL,84112,false
Bacteroides fragilis,Bacteroides,BF,817,false
Bacteroides thetaiotaomicron,Bacteroides,BT,818,false
Thomasclavelia ramosa,Clostridium ramosum,TR,1547,false
Agathobacter rectalis,Eubacterium rectale,AR,39491,false
Roseburia intestinalis,Roseburia,RI,166486,false
Veillonella parvula,Veillonella,VP,29466,false
Fusobacterium nucleatum,Fusobacterium,FN,851,false
Enterocloster bolteae,Clostridium bolteae,EB,208479,false
Clostridium perfringens,Clostridium,CP,1502,false
Lacrimispora saccharolytica,Clostridium saccharolyticum,LS,84030,false
Streptococcus salivarius,Streptococcus,SS,1304,false
Mediterraneibacter gnavus,Ruminococcus gnavus,MG,33038,false
Bariatricus comes,Coprococcus comes,BC,410072,false
Parabacteroides merdae,Parabacteroides,PM,46503,false
Streptococcus parasanguinis,Streptococcus,SP,1318,false
Collinsella aerofaciens,Collinsella,CA,74426,false
Dorea formicigenerans,Dorea,DF,39486,false
Methanobrevibacter smithii,Methanobrevibacter,MS,2173,false
Parabacteroides distasonis,Parabacteroides,PD,823,false
